cubic_start,cubic_end,crc32_start,crc32_end,edn_start,edn_end,huffbench_start,huffbench_end,minver_start,minver_end,st_start,st_end,ud_start,ud_end,matmult_start,matmult_end,mont64_start,mont64_end,nbody_start,nbody_end,nettle_aes_start,nettle_aes_end,nettle_sha256_start,nettle_sha256_end,primecount_start,primecount_end,sg_start,sg_end,tarfind_start,tarfind_end
161.731103776, 165.580450518,165.642101873, 320.123846242,320.173241977, 373.48722001,373.99017807, 407.931692094,407.981669900, 420.990481497,421.41094269, 428.511435554,428.558939388, 466.815915836,466.865693290, 523.127470313,523.175634247, 557.66054458,557.127687250, 558.360447477,558.409541138, 568.139072745,568.188696963, 578.311516623,578.360737466, 619.499372240,619.547974942, 696.153273717,696.206755564, 729.777793050
1435.238688222, 1438.149279082,1438.197988739, 1589.204615021,1589.252804017, 1642.151312018,1642.200295985, 1676.986993214,1677.33288738, 1690.22842311,1690.72805785, 1697.528998817,1697.576567999, 1735.881002988,1735.930623311, 1792.88460109,1792.136424040, 1825.983746748,1826.32496025, 1827.247613694,1827.296403438, 1837.19911599,1837.69198760, 1847.134408694,1847.182807714, 1888.299063652,1888.345970356, 1964.965235228,1965.19512968, 1998.621131538
2694.506800012, 2697.413043898,2697.462318902, 2848.409474926,2848.457341854, 2901.334543556,2901.384584171, 2936.225577157,2936.276508841, 2949.266008897,2949.314986914, 2956.813086014,2956.857658920, 2995.536695687,2995.584698738, 3051.807819876,3051.852980871, 3085.681218497,3085.729472225, 3086.961218266,3087.7856531, 3096.674425053,3096.723304457, 3106.789020840,3106.837089062, 3147.859400044,3147.906134339, 3224.338132099,3224.391164215, 3257.895685090
3945.43001196, 3947.964389912,3948.14367848, 4099.91211890,4099.138025512, 4152.4203332,4152.53155417, 4186.885184212,4186.935348956, 4199.933200674,4199.981541437, 4207.448756936,4207.497956974, 4245.829022626,4245.877659457, 4302.94963890,4302.142931271, 4336.48972627,4336.97185212, 4337.335985759,4337.383360060, 4347.96352725,4347.145245996, 4357.204776259,4357.253100310, 4398.319639244,4398.367945958, 4474.859552483,4474.913416264, 4508.471841695
5197.945364330, 5200.836600993,5200.885676164, 5351.973057897,5352.20408699, 5404.615094674,5404.664451091, 5439.447459183,5439.496629906, 5452.508941024,5452.555412416, 5459.998027584,5460.45961759, 5498.346154570,5498.392468507, 5554.631743555,5554.679620867, 5588.563449780,5588.611731513, 5589.820629921,5589.868237837, 5599.579650778,5599.625462807, 5609.871906750,5609.920449285, 5650.978894114,5651.27981611, 5727.487244121,5727.541218506, 5761.110893424
6453.501360738, 6456.455029878,6456.504983268, 6607.447100168,6607.495468585, 6660.323996200,6660.373240923, 6695.204748215,6695.254412090, 6708.252566849,6708.299001727, 6715.757456249,6715.805974170, 6754.132896700,6754.181472181, 6810.445644955,6810.493508580, 6844.407812445,6844.455879013, 6845.685495500,6845.733932613, 6855.471800969,6855.520620947, 6865.608280062,6865.656954712, 6906.771166640,6906.818938543, 6983.352419697,6983.405343210, 7016.943043782
7711.335492513, 7714.264330615,7714.313034852, 7865.345067331,7865.401359796, 7918.293200947,7918.342374811, 7953.151861983,7953.203549036, 7966.184417703,7966.233106781, 7973.696317620,7973.743792739, 8011.995737185,8012.45095467, 8068.273716164,8068.321464199, 8102.170154706,8102.216912270, 8103.444962781,8103.492665780, 8113.154091406,8113.203218444, 8123.269098384,8123.318255956, 8164.395997772,8164.445635684, 8240.987619682,8241.41422468, 8274.592594108
8962.40684184, 8965.34406080,8965.85360865, 9116.58411715,9116.105881796, 9168.940533780,9168.990023628, 9203.798878594,9203.849305275, 9216.833338292,9216.881562451, 9224.329237475,9224.376690583, 9262.658363310,9262.707148141, 9318.967636743,9319.16524144, 9352.896903716,9352.944623906, 9354.151835859,9354.196955600, 9363.925350156,9363.974017550, 9374.50084454,9374.97786630, 9415.197286212,9415.246609494, 9491.771333820,9491.824378125, 9525.347771167
10225.678543657, 10228.581484317,10228.630853432, 10379.629419173,10379.677456000, 10432.508335573,10432.556604040, 10467.340457886,10467.389935406, 10480.392622789,10480.440443014, 10487.903164678,10487.950696087, 10526.203385039,10526.252533414, 10582.533204060,10582.579085906, 10616.452571220,10616.501936506, 10617.719766657,10617.768014445, 10627.566318447,10627.616561394, 10637.690529057,10637.740746393, 10678.791334512,10678.840853233, 10755.334395565,10755.386971949, 10788.919875554
11477.870804735, 11480.769206506,11480.818757477, 11631.90418597,11631.138837295, 11684.3329215,11684.54076096, 11718.853716374,11718.900800452, 11731.897633538,11731.942815332, 11739.385108536,11739.433674747, 11777.687116826,11777.735489677, 11833.948401016,11833.995580247, 11867.900844926,11867.949576880, 11869.148467323,11869.197486125, 11879.129201528,11879.177621454, 11889.276608416,11889.324344648, 11930.420361138,11930.468519631, 12006.832294957,12006.879058314, 12040.424461748
12732.243204816, 12735.205994000,12735.256917845, 12886.292836362,12886.337890703, 12940.521345185,12940.568708443, 12975.372488961,12975.422533597, 12988.436854765,12988.486081158, 12995.945072644,12995.993343269, 13034.251159334,13034.299259278, 13090.489129676,13090.537696114, 13124.431673052,13124.479732993, 13125.687210732,13125.735814454, 13135.432886922,13135.483062365, 13145.541272623,13145.589283830, 13186.667181278,13186.716315327, 13263.182840730,13263.235253788, 13296.787401045
13987.333969930, 13990.248000886,13990.299572686, 14141.277745186,14141.326882512, 14194.193262878,14194.241301460, 14229.79613197,14229.129560721, 14242.135277864,14242.184443224, 14249.619358530,14249.667763713, 14288.77076632,14288.124498076, 14344.399884079,14344.448287183, 14378.292402263,14378.341051637, 14379.580902353,14379.628481165, 14389.331869279,14389.377121743, 14399.485327561,14399.533279370, 14440.609266750,14440.657951032, 14517.104384302,14517.149913436, 14550.712543779
15242.513288986, 15245.432463479,15245.496342773, 15396.496478218,15396.543199113, 15449.419606304,15449.468759866, 15484.282832903,15484.332875578, 15497.339259549,15497.387912895, 15504.831502503,15504.879828152, 15543.578540748,15543.627171975, 15599.890957833,15599.939058404, 15633.779178262,15633.829060782, 15635.44664122,15635.98073334, 15644.818441482,15644.867983975, 15655.25914695,15655.91092531, 15696.210705411,15696.258810107, 15772.704600383,15772.757496148, 15806.343775745
16512.927227300, 16515.864338945,16515.914534801, 16667.140761329,16667.188527355, 16720.53060696,16720.102160749, 16754.932403151,16754.982405413, 16767.966999027,16768.14809739, 16775.455994424,16775.504312783, 16813.844454859,16813.893259734, 16870.141913478,16870.187463990, 16904.90563603,16904.139343071, 16905.376606217,16905.437154217, 16915.111567020,16915.161732354, 16925.223599847,16925.272859447, 16966.297139627,16966.346153775, 17042.847514912,17042.899726138, 17076.455164215
17764.546831432, 17767.446829793,17767.530182510, 17918.508693323,17918.555609912, 17971.423868782,17971.489175053, 18006.260005434,18006.309959562, 18019.333780157,18019.382478759, 18026.826894162,18026.874935871, 18065.208226566,18065.257097949, 18121.436359374,18121.483583390, 18155.323588598,18155.372525684, 18156.606003591,18156.651311571, 18166.314648304,18166.365562688, 18176.566188212,18176.625178514, 18217.735946303,18217.784874597, 18294.308441629,18294.361581528, 18327.897103664
19020.359182754, 19023.330910425,19023.377295211, 19174.417137214,19174.465480217, 19227.341353707,19227.389500966, 19262.200458630,19262.250135683, 19275.255946104,19275.305643133, 19282.765054176,19282.812758480, 19321.123559718,19321.170662372, 19377.345554859,19377.394424493, 19411.268995670,19411.316799744, 19412.563745299,19412.609008013, 19422.301072612,19422.350900412, 19432.414658773,19432.462241075, 19474.620926529,19474.670190133, 19551.253510130,19551.307117124, 19584.875280761
20273.730030520, 20276.705562444,20276.755051310, 20427.29299354,20427.79241219, 20479.927296467,20479.975915976, 20515.15395047,20515.66072534, 20528.78481945,20528.127460543, 20535.582872524,20535.629837630, 20573.889412031,20573.938067297, 20630.219754870,20630.267014009, 20664.151593243,20664.199816618, 20665.415212441,20665.463734446, 20675.216454799,20675.264998062, 20685.377285583,20685.427516600, 20726.528742945,20726.576527966, 20803.32957366,20803.87289334, 20836.581241517
21566.864926682, 21569.776651776,21569.828407137, 21720.857382270,21720.905530431, 21773.764529425,21773.814090878, 21808.586971784,21808.637055349, 21821.649229965,21821.699058936, 21829.147507068,21829.195488968, 21867.505118481,21867.553511872, 21925.132532327,21925.181613602, 21959.48677075,21959.98739686, 21960.328379951,21960.377159984, 21970.131684175,21970.180606636, 21980.289096851,21980.337370031, 22021.153653859,22021.203094230, 22097.771930843,22097.825437600, 22131.373466390
22820.238837183, 22823.196465755,22823.242711414, 22974.217409371,22974.266295894, 23027.135827661,23027.181648249, 23061.988347328,23062.34992611, 23075.51126185,23075.101204167, 23082.567987359,23082.615762607, 23120.923943700,23120.973425981, 23177.125180579,23177.171400550, 23211.83021955,23211.132441376, 23212.346668369,23212.394930321, 23222.105017032,23222.154656760, 23232.263798211,23232.307881171, 23273.380898083,23273.431265144, 23349.882772354,23349.929632711, 23383.452504757
24085.675603052, 24088.630489530,24088.681296054, 24239.714797447,24239.761547332, 24292.651419952,24292.699940752, 24327.540477061,24327.590852034, 24340.594795319,24340.643740090, 24348.104375470,24348.153394089, 24386.475301969,24386.525340997, 24442.741199264,24442.788970712, 24476.617386433,24476.665076815, 24477.890756684,24477.937532094, 24487.593270059,24487.642765589, 24497.710165547,24497.759222189, 24538.781328975,24538.829376422, 24615.359985405,24615.413461379, 24648.940555422
25341.515213750, 25344.445111608,25344.497276400, 25495.532343631,25495.581454700, 25548.501330410,25548.550084224, 25583.127979142,25583.175748960, 25596.171537756,25596.221311973, 25603.699264691,25603.746852838, 25642.26968352,25642.77491542, 25698.447660234,25698.495412595, 25761.672588717,25761.720692180, 25762.951809412,25763.486586, 25772.674037016,25772.724398483, 25782.833809345,25782.879124464, 25823.939895854,25823.989169085, 25900.466598247,25900.519322540, 25934.50814464
26626.129945486, 26629.72770027,26629.121769369, 26780.101144061,26780.149371076, 26833.362604715,26833.413106945, 26868.245815809,26868.296923653, 26881.268378464,26881.317440766, 26888.787500117,26888.836360632, 26927.103473795,26927.151235493, 26983.432693350,26983.481323814, 27017.358791848,27017.404565628, 27018.627726604,27018.677284111, 27028.468606109,27028.517990183, 27038.599840783,27038.644985748, 27079.723967125,27079.773655970, 27156.266066456,27156.318960375, 27189.714486447
27877.147121473, 27880.82069210,27880.129585941, 28031.171546366,28031.218698096, 28084.41986226,28084.91340307, 28118.872564256,28118.931930444, 28131.955684474,28132.1889407, 28139.451727795,28139.499706320, 28177.835445291,28177.883465108, 28234.227905994,28234.279594176, 28268.131366248,28268.178862573, 28269.394602698,28269.443774598, 28279.149270677,28279.197957050, 28289.324443662,28289.373841146, 28330.451837882,28330.500261840, 28406.970370299,28407.22876125, 28440.575130776
29127.741032217, 29130.675255925,29130.725663034, 29281.871792622,29281.920332248, 29334.790911283,29334.840272559, 29369.651817571,29369.701641684, 29382.680552773,29382.729678484, 29390.185278067,29390.229348737, 29428.557564454,29428.605663638, 29484.820367568,29484.868217938, 29518.703681907,29518.752659909, 29519.995198351,29520.44263676, 29529.771942216,29529.821556222, 29539.900999277,29539.947914834, 29581.62726209,29581.111284364, 29657.666683778,29657.720310539, 29691.235919966
30380.849380421, 30383.757328976,30383.806747410, 30534.801305426,30534.850118019, 30587.757158040,30587.805898885, 30622.597166940,30622.647374136, 30635.937245300,30635.985619008, 30643.628511307,30643.676613031, 30681.981067605,30682.28725528, 30738.257465015,30738.305598477, 30772.175881758,30772.223438127, 30773.460531991,30773.517687799, 30783.226672781,30783.278349767, 30793.351985135,30793.400748296, 30834.479955092,30834.528836614, 30910.598855707,30910.643566466, 30944.197538744
31640.561278061, 31643.466686709,31643.516356294, 31795.425222311,31795.473477252, 31848.301976438,31848.351762672, 31883.161587488,31883.211292917, 31896.158262556,31896.207148191, 31903.649402905,31903.697933885, 31942.11537483,31942.61082013, 31998.433065372,31998.482484653, 32032.333354510,32032.382638440, 32033.611399896,32033.659529018, 32043.401148290,32043.449338820, 32053.466462787,32053.515276849, 32094.573666418,32094.621752651, 32171.144989718,32171.198751341, 32204.787716927
32918.938318271, 32921.848301141,32921.897506153, 33073.51506034,33073.100671012, 33125.972004892,33126.20296775, 33160.813040385,33160.863881986, 33173.855078674,33173.903263158, 33181.347113862,33181.395497197, 33219.698232937,33219.747532449, 33275.919556091,33275.966678076, 33309.839930596,33309.887694685, 33311.108386135,33311.155397859, 33320.949435442,33320.998589270, 33331.36530195,33331.85368323, 33372.157451210,33372.205781729, 33448.649815519,33448.702881093, 33482.265189996
34181.674975576, 34184.585066437,34184.634701722, 34335.664490954,34335.712745827, 34388.577937684,34388.623672627, 34423.416323454,34423.476534536, 34436.499991649,34436.545553080, 34443.983922143,34444.34184050, 34482.338829534,34482.386246006, 34538.550178160,34538.597908021, 34572.490166132,34572.538916316, 34573.762541159,34573.810787726, 34583.504640380,34583.554805334, 34593.649346103,34593.697790103, 34634.780328436,34634.829013235, 34711.288665685,34711.342852940, 34744.905203485
35435.707705924, 35438.618116966,35438.668549514, 35589.751110711,35589.798432669, 35642.647746413,35642.697169450, 35677.495713000,35677.546540415, 35690.580293485,35690.629556057, 35698.64241111,35698.112967648, 35736.411973961,35736.459854663, 35792.665182213,35792.711917155, 35826.583318734,35826.630416675, 35827.864342207,35827.913495457, 35837.634314624,35837.684495695, 35847.745368485,35847.793426939, 35888.871639528,35888.919369061, 35965.405105209,35965.457668584, 35999.67821458
36693.195827835, 36696.119543559,36696.169670031, 36847.163655192,36847.212368230, 36900.27973513,36900.77826164, 36934.849221331,36934.899713533, 36947.911751444,36947.960707043, 36955.411679007,36955.460534955, 36993.725255804,36993.774096145, 37050.54674208,37050.102726832, 37083.943825507,37083.992557562, 37085.203538986,37085.250077566, 37094.958155143,37095.6957357, 37105.144928504,37105.193490880, 37146.255707655,37146.304380706, 37222.794168492,37222.848304933, 37256.383745066
37944.653990217, 37947.643252096,37947.691323249, 38098.697340344,38098.745254784, 38151.497394143,38151.545014087, 38186.287599053,38186.337295128, 38199.340666904,38199.389137788, 38206.810741380,38206.858044567, 38282.919569073,38282.967324192, 38339.106062586,38339.151122111, 38372.954130981,38373.1368264, 38374.239619759,38374.287084804, 38383.926575919,38383.974327110, 38394.2955106,38394.48712639, 38435.49870175,38435.97763372, 38511.35655338,38511.89467847, 38544.441341680
39245.175809376, 39248.106580538,39248.155878368, 39398.156435496,39398.203161665, 39451.111975406,39451.160923414, 39486.830640864,39486.879937885, 39499.887398888,39499.936388184, 39507.380953362,39507.427866788, 39545.689027658,39545.736650272, 39601.886896529,39601.933593895, 39635.759384842,39635.806636199, 39637.11672134,39637.60354978, 39646.736921141,39646.781476309, 39656.829288742,39656.877247833, 39697.859225955,39697.906446372, 39774.213162644,39774.265081242, 39807.750555250
40498.56431255, 40501.2696730,40501.61169448, 40651.755468949,40651.802175603, 40704.603628017,40704.652359818, 40739.406478793,40739.455182798, 40752.441799130,40752.487371082, 40759.912226250,40759.960446770, 40798.179118436,40798.249533085, 40854.522089601,40854.569746997, 40888.393269191,40888.440986546, 40889.644582084,40889.690842891, 40899.332307074,40899.381309678, 40909.411595801,40909.461165687, 40950.464401928,40950.511551485, 41026.830400561,41026.883100677, 41060.412970610
41747.364268545, 41750.321240954,41750.370234444, 41901.99348403,41901.146358748, 42041.856449556,42041.905108147, 42076.678607487,42076.727515385, 42089.691960930,42089.736873602, 42097.181925512,42097.226767753, 42135.450023149,42135.500433161, 42191.662851024,42191.711735981, 42225.517099865,42225.564584101, 42226.790844275,42226.838784523, 42236.515791539,42236.561082023, 42246.619782821,42246.664821711, 42287.613214501,42287.660206659, 42366.819023824,42366.871659213, 42401.661904457
43088.836974079, 43091.738528905,43091.786553512, 43242.529512510,43242.573696634, 43295.363410943,43295.412819813, 43330.118400054,43330.167831526, 43343.143941330,43343.192233499, 43350.759424383,43350.807887717, 43389.804347185,43389.852583866, 43446.807222123,43446.855379576, 43480.644510325,43480.691730950, 43481.907862334,43481.955209429, 43491.641403358,43491.690027020, 43501.727697138,43501.774493400, 43542.751040134,43542.798200241, 43619.72416798,43619.125503816, 43652.643232143
44344.649417951, 44347.632999605,44347.681294178, 44498.375700807,44498.432984188, 44551.258803268,44551.307264062, 44586.39728211,44586.89241669, 44599.70585423,44599.119082642, 44606.513483652,44606.558121248, 44644.831332301,44644.879379240, 44700.979343604,44701.27132363, 44734.703859246,44734.751617964, 44735.976973350,44736.24500585, 44745.678859795,44745.726803396, 44755.797027824,44755.844907591, 44797.914755038,44797.961991614, 44874.287082139,44874.331551854, 44907.783256061
45626.685763914, 45629.671960451,45629.720722714, 45780.499088178,45780.545488866, 45833.418178379,45833.466587043, 45868.205033673,45868.253816810, 45881.213956605,45881.258257050, 45888.696758558,45888.745368999, 45926.961181239,45927.8594872, 45983.151127850,45983.197415383, 46017.15169319,46017.62478095, 46018.294891328,46018.341793483, 46028.2731171,46028.50909962, 46038.85368036,46038.132795737, 46079.130608826,46079.178381867, 46155.560999004,46155.612353627, 46189.75755628
46881.347978864, 46884.251951840,46884.301077915, 47035.87327061,47035.134774976, 47087.871868360,47087.921087800, 47122.707901291,47122.757884510, 47135.732011775,47135.780976247, 47143.225762071,47143.273661873, 47181.471773833,47181.519552945, 47237.680008243,47237.725483995, 47271.497113977,47271.545293425, 47272.767796015,47272.815112838, 47282.539937408,47282.588558875, 47292.680508922,47292.726278361, 47333.693130173,47333.741162514, 47410.59330265,47410.111057031, 47443.631217678
48130.361869401, 48133.286752952,48133.334970410, 48284.35347611,48284.82307944, 48336.839600769,48336.888480314, 48371.638997274,48371.688391806, 48384.683225434,48384.731314411, 48392.173972245,48392.221762493, 48430.454587024,48430.503382757, 48486.622020968,48486.669343409, 48520.330570041,48520.377519355, 48521.582686594,48521.630956725, 48531.278562811,48531.326088877, 48541.393322882,48541.438097446, 48582.436709159,48582.483831294, 48658.828376623,48658.880498646, 48692.339165807
49421.863209390, 49424.806393530,49424.856010310, 49575.538847783,49575.586581628, 49628.339788710,49628.388415306, 49663.139614527,49663.189337268, 49676.128899966,49676.176723400, 49683.615973643,49683.663832896, 49721.897118020,49721.944626191, 49778.50160548,49778.98130598, 49811.891549191,49811.938978641, 49813.172411732,49813.219978330, 49822.986331037,49823.34545632, 49833.104940786,49833.149773775, 49874.591748842,49874.639067079, 49951.41240798,49951.93201573, 49984.548267994
50676.163185089, 50679.101002794,50679.159416890, 50829.806716695,50829.854293026, 50882.591913931,50882.639951159, 50917.360465351,50917.409920128, 50930.383964974,50930.432722766, 50937.873276998,50937.921205493, 50976.158916677,50976.207642426, 51031.999593153,51032.47990535, 51065.839774948,51065.884676503, 51067.115854416,51067.163363830, 51077.261189430,51077.309511640, 51087.368563300,51087.416040288, 51128.435727027,51128.480413561, 51204.987270700,51205.40586569, 51238.533035124
51929.96413190, 51932.33009779,51932.82656217, 52082.816754813,52082.864542703, 52135.634954131,52135.683804832, 52170.408241989,52170.457613445, 52183.441318495,52183.489288433, 52190.917030798,52190.962758678, 52229.220513172,52229.269113345, 52285.353881381,52285.401274461, 52319.196302435,52319.244309515, 52320.478667492,52320.525384821, 52330.283598098,52330.333246813, 52340.403096307,52340.451936617, 52381.469104551,52381.515167095, 52459.358338385,52459.410795780, 52492.936481428
53209.884987510, 53212.810254518,53212.859712980, 53365.697054813,53365.743691730, 53418.549300538,53418.597871495, 53453.312693442,53453.360342529, 53466.360457663,53466.408401921, 53473.834062129,53473.882367665, 53512.76623440,53512.123977463, 53568.276252983,53568.323530759, 53602.127671246,53602.174860845, 53603.401923264,53603.447246433, 53613.126705872,53613.176987933, 53623.236325811,53623.283441284, 53664.249028173,53664.295490633, 53740.679506273,53740.731188181, 53774.228901376
54461.781432487, 54464.722344349,54464.772995433, 54615.564531794,54615.611210585, 54668.368743810,54668.413877227, 54703.138450033,54703.187527668, 54716.168927422,54716.217384568, 54723.661243752,54723.707777614, 54761.920500368,54761.967916740, 54818.111772337,54818.159845092, 54851.974213114,54852.21623550, 54853.253301033,54853.299571569, 54862.988906147,54863.37370737, 54873.96425578,54873.143956621, 54914.159744074,54914.208686786, 54990.520389519,54990.574292519, 55024.85211699
55715.651845863, 55718.796668514,55718.845798017, 55869.533006518,55869.579862616, 55922.367209383,55922.413351328, 55956.945185669,55956.994603600, 55969.973794610,55970.21442361, 55977.456923222,55977.504520666, 56015.720408125,56015.769268624, 56071.946245119,56071.990163981, 56105.787121030,56105.835500992, 56107.48997243,56107.95153221, 56116.767380538,56116.815106540, 56126.847081224,56126.891227399, 56167.872440849,56167.919647025, 56244.317977240,56244.370430145, 56277.829625027
56978.786410684, 56981.764995318,56981.809268747, 57132.617016621,57132.663844420, 57185.407123434,57185.455482476, 57220.185144687,57220.234719666, 57233.228355545,57233.277186054, 57240.745241406,57240.792524305, 57279.48278836,57279.95644189, 57335.210902481,57335.257597585, 57369.40931527,57369.88406513, 57370.316337691,57370.364277435, 57380.141166538,57380.192660288, 57390.281788401,57390.330529336, 57431.316673709,57431.363465389, 57508.31364312,57508.85356666, 57541.579451100
58231.233468540, 58234.330465118,58234.379253491, 58385.173171137,58385.219651231, 58438.37487664,58438.85028695, 58472.845148247,58472.895384657, 58485.909606462,58485.958423986, 58493.399613019,58493.447014690, 58531.679256965,58531.728490887, 58587.850157347,58587.896513308, 58621.700979178,58621.748286269, 58622.957043893,58623.1608649, 58632.697094543,58632.746404755, 58642.797155229,58642.855869887, 58683.809351333,58683.857302026, 58760.169892889,58760.222037890, 58793.675030106
59484.641446258, 59487.551552194,59487.600781169, 59638.247126515,59638.294153727, 59691.54992292,59691.104289617, 59725.907722302,59725.957748283, 59738.913902099,59738.957354510, 59746.353087595,59746.400311021, 59784.616445692,59784.662666219, 59840.837952163,59840.885315951, 59874.643801445,59874.692391764, 59875.923488740,59875.971364145, 59885.674743888,59885.722762628, 59895.809441428,59895.857371860, 59936.836947177,59936.884734934, 60013.341129432,60013.395235904, 60046.890895193
60733.650773990, 60736.630762318,60736.681326333, 60887.642274524,60887.686439257, 60940.476298691,60940.525337785, 60975.278075038,60975.326171526, 60988.314594405,60988.363345744, 60995.814586807,60995.864562155, 61034.72520980,61034.120852483, 61090.287628714,61090.334614304, 61124.145075443,61124.190877895, 61125.395247210,61125.440989874, 61135.102868849,61135.151638435, 61145.179928195,61145.227930151, 61186.212729557,61186.260669900, 61262.608631040,61262.661242086, 61296.173240361
61983.897922301, 61986.842234874,61986.891320910, 62137.627850994,62137.672528577, 62190.462905043,62190.512501723, 62225.288377880,62225.337720897, 62238.308862342,62238.357524602, 62245.815825342,62245.860549240, 62284.200276916,62284.248320983, 62340.350484082,62340.398578548, 62374.221391899,62374.269401592, 62375.495638335,62375.543797038, 62385.266872573,62385.315760245, 62395.353085785,62395.400926926, 62436.415498040,62436.461917016, 62512.819992504,62512.872554009, 62546.371940887
63234.755472323, 63237.706056465,63237.755100348, 63389.324402588,63389.394138620, 63442.480920267,63442.529103044, 63477.113687977,63477.162461922, 63490.167836022,63490.215818518, 63497.654359963,63497.701489547, 63535.928432388,63535.976324239, 63592.140625376,63592.188292012, 63626.18735667,63626.67507897, 63627.270079300,63627.317287365, 63637.13819728,63637.63575142, 63647.126877352,63647.174368841, 63688.115821668,63688.162165610, 63764.496419476,63764.550017378, 63797.823848675
64486.297466810, 64489.270196704,64489.318345345, 64642.247016954,64642.294350173, 64695.87928446,64695.135481121, 64729.897006556,64729.947016476, 64744.318107971,64744.367575441, 64751.815979082,64751.861359731, 64790.950637696,64790.997896194, 64847.829620891,64847.876602301, 64881.659664959,64881.707719053, 64882.915415202,64882.962965180, 64892.693952885,64892.738866000, 64902.795991329,64902.844650148, 64943.867210519,64943.914800428, 65020.300368314,65020.351815341, 65053.851253454
65760.26081484, 65763.276348798,65763.325907328, 65914.88485273,65914.135642291, 65967.312438060,65967.361007321, 66002.100614753,66002.149975488, 66015.142542311,66015.190730540, 66022.620595055,66022.667945949, 66060.880954320,66060.927554325, 66117.5332412,66117.53396168, 66150.844542196,66150.892533459, 66152.106810172,66152.153099078, 66161.800526666,66161.848510437, 66171.894158511,66171.942896975, 66212.888919135,66212.937268407, 66289.325024427,66289.391671610, 66322.890685178
67014.389605143, 67017.298767584,67017.355657005, 67168.92550334,67168.140381177, 67220.836814653,67220.885535381, 67257.138669174,67257.274119646, 67270.267625254,67270.316217528, 67277.756344152,67277.802271528, 67316.13417828,67316.60998056, 67371.875710675,67371.922582483, 67405.702222570,67405.749459645, 67406.953322549,67407.6792356, 67416.801499900,67416.849922777, 67426.927590836,67426.975925155, 67467.946134385,67467.992663837, 67544.294685244,67544.347004317, 67577.855240415
68265.16465188, 68268.313066219,68268.362740764, 68419.263665409,68419.312369340, 68472.132531684,68472.180950596, 68506.901049592,68506.951360454, 68519.938032757,68519.982917855, 68527.405156810,68527.451731791, 68566.360717456,68566.409738987, 68622.574119925,68622.620561538, 68656.439568045,68656.485375824, 68657.691305426,68657.737553793, 68667.522095024,68667.570649619, 68677.595369228,68677.657460113, 68718.643863621,68718.701995952, 68795.28798395,68795.83032193, 68828.416653547
69601.582241847, 69604.507409594,69604.555902459, 69755.290502588,69755.338209012, 69808.87783790,69808.136410164, 69842.864998269,69842.913951053, 69855.904764363,69855.953566692, 69863.383141104,69863.430031172, 69901.674618734,69901.721977205, 69957.763892736,69957.807772557, 69991.642643890,69991.690632638, 69992.898083164,69992.945099046, 70002.710236351,70002.758472305, 70012.851415571,70012.899856863, 70053.931312078,70053.979519065, 70130.377398462,70130.430244993, 70163.942677550
70909.577356946, 70912.547807090,70912.597153680, 71063.281849850,71063.328667290, 71116.67354404,71116.116431855, 71150.840698406,71150.890067950, 71163.869548309,71163.918542248, 71171.363289078,71171.410750853, 71209.424870498,71209.472272918, 71265.591368177,71265.638244238, 71299.437232528,71299.484713553, 71300.712358708,71300.759348320, 71310.471812335,71310.520759392, 71320.563803178,71320.611925015, 71361.667066162,71361.715709966, 71438.154252947,71438.206649819, 71471.728420756
72158.513761134, 72161.431425300,72161.481136738, 72312.243055550,72312.292385937, 72364.815622949,72364.864466470, 72399.590550150,72399.641026778, 72412.611977167,72412.660455814, 72420.110821479,72420.157861682, 72458.407134383,72458.454895621, 72514.561137332,72514.608005802, 72548.391684035,72548.439611369, 72549.661037886,72549.708668638, 72559.425099669,72559.469345987, 72569.504966359,72569.551652655, 72610.560988387,72610.609510759, 72686.934850501,72686.987844388, 72720.441385824
73457.922140263, 73460.866524329,73460.914972638, 73616.628635290,73616.674545429, 73670.889385574,73670.938532076, 73706.641032650,73706.689966426, 73719.645235415,73719.693325086, 73727.113324768,73727.160230062, 73765.435213888,73765.483746191, 73821.623813244,73821.671184489, 73855.492401754,73855.540287674, 73856.748312767,73856.795688997, 73866.482442960,73866.530819967, 73876.575669535,73876.620482883, 73917.573398128,73917.621059289, 73993.949236555,73993.993471724, 74027.604332750
74727.521220844, 74730.430278468,74730.480529765, 74880.441559147,74880.488765489, 74933.283386821,74933.331950926, 74968.103815096,74968.150088963, 74981.123295969,74981.172630932, 74988.615771791,74988.662936925, 75026.927470124,75026.974918023, 75083.83307347,75083.129447319, 75116.915606865,75116.963678105, 75118.189303676,75118.236525837, 75127.975879388,75128.25890943, 75138.102452185,75138.151623547, 75179.142006225,75179.189469553, 75255.124500570,75255.176702802, 75288.675386040
76041.453348659, 76044.426632933,76044.474438250, 76195.229173362,76195.274902177, 76248.44634542,76248.93678924, 76282.828418233,76282.877969899, 76295.858659894,76295.907022910, 76303.345784327,76303.392582900, 76341.687782165,76341.734551516, 76398.530570,76398.48265491, 76432.317745115,76432.393807068, 76433.719323251,76433.777956212, 76443.765090291,76443.811920423, 76453.927838310,76453.975134552, 76495.474434578,76495.527342274, 76572.557976045,76572.616568078, 76606.186857508
77295.456973976, 77298.391751900,77298.449752640, 77449.130564719,77449.177140661, 77501.886662779,77501.935891518, 77536.613614610,77536.818914330, 77549.863233989,77549.911763509, 77557.356637371,77557.403922431, 77595.450739419,77595.499689311, 77651.618971373,77651.664960655, 77685.449869227,77685.498588156, 77686.722857116,77686.769171592, 77696.477476191,77696.526040074, 77706.564945511,77706.611892102, 77747.617287344,77747.664516570, 77823.914785093,77823.966756197, 77857.460270737
78587.540470753, 78590.443484129,78590.492786278, 78741.599502828,78741.645469142, 78794.507094922,78794.552255310, 78829.361739967,78829.409259341, 78842.407821027,78842.452717526, 78849.861510418,78849.908756827, 78888.85939673,78888.129728245, 78944.272638054,78944.319623867, 78978.93908860,78978.142469377, 78979.364923499,78979.422458453, 78989.99969155,78989.145752127, 78999.220906578,78999.269695990, 79040.220279670,79040.269260000, 79116.559844902,79116.611912920, 79150.366236378
79839.163769720, 79842.50974206,79842.95056755, 79992.841232013,79992.888962577, 80045.576999069,80045.624995364, 80080.314153450,80080.363302945, 80093.351862964,80093.400497951, 80100.827137384,80100.875075471, 80139.81116195,80139.129458768, 80195.249259808,80195.296361733, 80229.263166977,80229.311178925, 80230.529321728,80230.575250348, 80240.237870652,80240.296631000, 80250.462668610,80250.510095935, 80291.272781128,80291.319513827, 80367.648655874,80367.701449371, 80401.143504911
81091.107613015, 81094.8784311,81094.57446366, 81244.751726373,81244.797275683, 81297.497134817,81297.545650010, 81332.262144140,81332.307870136, 81345.263874580,81345.308712626, 81352.748949701,81352.794837426, 81390.963840559,81391.10669327, 81447.50183290,81447.97277488, 81480.856510410,81480.903378645, 81482.138151679,81482.187460115, 81491.890881856,81491.939654404, 81501.959470959,81502.7588383, 81542.989138091,81543.37734377, 81619.341078636,81619.393189444, 81652.847522807
82352.565584731, 82355.463201267,82355.510789641, 82506.318673223,82506.366601548, 82559.89846217,82559.137888291, 82593.819929217,82593.869340508, 82606.845205652,82606.895035454, 82614.303339173,82614.351784615, 82652.565955814,82652.611189249, 82708.667531917,82708.714576645, 82742.503458636,82742.551439058, 82743.744983573,82743.791799361, 82753.423833782,82753.473924862, 82763.528964096,82763.577818188, 82804.563840700,82804.611739284, 82880.808373564,82880.861447012, 82914.355060589
83601.607157597, 83604.490393722,83604.540338663, 83755.151781298,83755.199408788, 83807.967445155,83808.15305439, 83842.717196418,83842.766121945, 83855.727447654,83855.775772083, 83863.222762224,83863.269350995, 83901.471990834,83901.519189184, 83957.589412263,83957.636320331, 83991.385287853,83991.432553276, 83992.639846055,83992.684393621, 84002.378402075,84002.441310095, 84012.613791297,84012.658848237, 84053.602326096,84053.649658792, 84129.994440313,84130.47843367, 84163.544912510
84858.846419475, 84861.840999727,84861.889721820, 85012.369986468,85012.418207380, 85065.95464860,85065.143476930, 85109.280623447,85109.329771750, 85122.294366088,85122.389904123, 85129.831447920,85129.878578637, 85168.56362294,85168.103569233, 85223.843594475,85223.891151584, 85257.677206852,85257.725200431, 85258.959100250,85259.5885464, 85268.719686568,85268.767340512, 85278.828881314,85278.877495899, 85319.791159772,85319.838443248, 85396.151917132,85396.203686581, 85429.645030304
86155.744604223, 86158.656903125,86158.709260607, 86309.713095570,86309.760432988, 86362.479832086,86362.525218732, 86397.244629121,86397.293936547, 86410.456572417,86410.504296800, 86417.935015910,86417.982862192, 86456.195286789,86456.242968232, 86512.351581542,86512.412837021, 86546.201869442,86546.249636335, 86547.466854449,86547.514120882, 86557.250927608,86557.300349713, 86567.362786732,86567.410208783, 86608.391278337,86608.437845274, 86684.720507179,86684.772447881, 86718.249810179
87430.583971147, 87433.476860097,87433.525569879, 87584.426069743,87584.473964231, 87637.204229269,87637.252973419, 87671.932876728,87671.981571861, 87684.934102517,87684.981400718, 87692.403923012,87692.451659126, 87730.433055817,87730.480602321, 87786.531787932,87786.576822442, 87820.399596363,87820.448303971, 87821.674963711,87821.722438731, 87831.482650394,87831.531601453, 87841.908248252,87841.955817802, 87882.899813502,87882.947733257, 87959.248612656,87959.300626678, 87992.772955040
88684.712401194, 88687.650528316,88687.699923142, 88837.555154803,88837.602692604, 88890.352645640,88890.401431112, 88925.115883700,88925.161549118, 88938.141179681,88938.188936595, 88945.623017258,88945.667517090, 88983.833728924,88983.880536173, 89040.18911146,89040.68394320, 89073.868773172,89073.916578339, 89075.118585961,89075.178864910, 89084.984562917,89085.33301999, 89095.91885425,89095.140627085, 89136.108559370,89136.155386915, 89212.456440001,89212.508782483, 89245.977156173
89945.84657175, 89948.41202645,89948.89241181, 90098.744717235,90098.793027521, 90151.436527043,90151.485932270, 90186.210764642,90186.259345891, 90199.236997446,90199.284653565, 90206.723609542,90206.770832877, 90244.950943357,90244.997903884, 90301.50869938,90301.97008128, 90334.881226186,90334.928462099, 90336.130049879,90336.174801749, 90345.881451588,90345.928717881, 90355.975306716,90356.24675242, 90396.957089396,90397.5686987, 90473.266540709,90473.319560021, 90506.815744976
91227.59712453, 91229.994281938,91230.44485220, 91380.697510404,91380.745099001, 91433.460320005,91433.509607260, 91468.265159932,91468.313759294, 91481.314809331,91481.362508312, 91488.796602436,91488.843569595, 91527.57201549,91527.104541965, 91583.208475358,91583.255857245, 91617.35188869,91617.82126741, 91618.305387588,91618.351935730, 91628.52623023,91628.101276743, 91638.238429686,91638.285445941, 91679.249158997,91679.296497247, 91755.639218610,91755.683399988, 91789.159175734
92489.317439173, 92492.311106604,92492.360977700, 92643.64407983,92643.111253556, 92695.787089385,92695.831837611, 92730.515019552,92730.563254790, 92743.505033720,92743.552893474, 92750.976952272,92751.24290952, 92789.232317282,92789.280494329, 92845.306920599,92845.353870714, 92879.587595740,92879.634802316, 92880.843689147,92880.891597810, 92890.573042907,92890.621227658, 92900.660710807,92900.707941589, 92941.635947825,92941.683591788, 93018.35324108,93018.87650678, 93051.395060512
93752.223031861, 93755.142476818,93755.191974953, 93905.872583652,93905.918805087, 93958.633603636,93958.680269363, 94006.855657188,94006.904369270, 94019.899840748,94019.947438682, 94027.383593721,94027.430709443, 94065.631125259,94065.678488224, 94121.728693026,94121.775867340, 94155.552738513,94155.600571361, 94156.823577520,94156.868012943, 94166.558373428,94166.601958221, 94176.618293080,94176.666119007, 94217.633937741,94217.678157106, 94294.7402257,94294.52578109, 94327.538683633
95016.85598928, 95019.677542,95019.50879961, 95169.707300274,95169.754496019, 95222.505103170,95222.553791883, 95257.295073854,95257.344641539, 95270.305075992,95270.353403652, 95277.786061580,95277.832683479, 95316.65271802,95316.113295212, 95372.195473699,95372.243079879, 95406.39317108,95406.87354105, 95407.298428005,95407.346084066, 95417.48340648,95417.96860813, 95427.140727125,95427.187531140, 95468.130123421,95468.176334131, 95544.450394248,95544.503039621, 95577.976974907
96271.129404443, 96274.43061275,96274.90938525, 96424.740743188,96424.787636921, 96477.539729477,96477.588741499, 96512.299077171,96512.343710923, 96525.320888784,96525.369008059, 96532.807225166,96532.854409281, 96571.46311503,96571.93335130, 96627.187374455,96627.235268076, 96661.15806758,96661.63805176, 96662.275518455,96662.323760447, 96671.994718974,96672.44353966, 96682.74362052,96682.123203845, 96723.58407327,96723.106907092, 96799.390994997,96799.443692071, 96832.901155931
97524.657509327, 97527.568009581,97527.611909714, 97678.208779839,97678.256953146, 97730.698119008,97730.750612315, 97765.442421411,97765.492386953, 97778.470539206,97778.520230769, 97785.955454567,97786.2858309, 97824.202167116,97824.249928912, 97880.388541450,97880.434439464, 97914.177792186,97914.225998039, 97915.426967674,97915.473445503, 97925.285023824,97925.332444377, 97935.389003246,97935.437051478, 97976.452328816,97976.499742739, 98052.758039704,98052.810039290, 98086.284356669
98775.107739528, 98778.60879989,98778.109957652, 98928.815911125,98928.862581653, 98981.593874372,98981.638784759, 99016.348911185,99016.398179203, 99029.372973076,99029.421423859, 99036.847291176,99036.893504542, 99075.86712314,99075.133851035, 99131.159703866,99131.207059032, 99164.983839408,99165.32466315, 99166.236884348,99166.285152136, 99175.985380033,99176.34779312, 99186.91501336,99186.139427482, 99227.55904302,99227.103425021, 99303.406160116,99303.451796375, 99336.922772809
100025.486006082, 100028.470419274,100028.518352619, 100179.167208374,100179.214881800, 100231.867131180,100231.914786229, 100266.631121123,100266.680486893, 100279.615380484,100279.662949492, 100287.91754253,100287.139391357, 100325.375594056,100325.422169162, 100381.487567957,100381.534469675, 100415.267718732,100415.314752412, 100416.540923601,100416.586659730, 100426.260953838,100426.310710866, 100436.355407607,100436.403593533, 100477.323713983,100477.371393908, 100553.631688548,100553.684258135, 100587.124553342
101304.53312988, 101306.994489143,101307.44532166, 101457.2893125,101457.50365115, 101509.821000527,101509.868622644, 101544.594972805,101544.641135815, 101557.628789843,101557.675650701, 101565.106754364,101565.155734141, 101603.310365400,101603.357668126, 101659.443071098,101659.487114188, 101693.257031394,101693.304696942, 101694.525946967,101694.570575483, 101704.279549933,101704.328421258, 101714.371824976,101714.418047711, 101755.340013419,101755.386315720, 101831.622432821,101831.667303160, 101865.99308409
102610.167992097, 102613.124411054,102613.173326860, 102764.391815941,102764.437310135, 102817.216663154,102817.265717940, 102851.967646394,102852.16454666, 102864.982395309,102865.30893584, 102872.471450055,102872.519052835, 102910.670654610,102910.718252659, 102966.785077935,102966.832530459, 103000.569344126,103000.616683436, 103001.807644398,103001.854651388, 103011.567714510,103011.615989126, 103021.634178647,103021.677152180, 103063.379663935,103063.427706339, 103140.974660419,103141.27648860, 103174.503554080
103867.146591332, 103870.114563578,103870.163579295, 104020.781510181,104020.826396424, 104073.578486899,104073.628459686, 104108.340416242,104108.389227491, 104121.367304961,104121.416522440, 104128.860388485,104128.906327336, 104167.123326300,104167.170733728, 104223.240653097,104223.286482683, 104257.45111260,104257.91882692, 104258.318879813,104258.366206954, 104268.27421819,104268.76620744, 104278.195701056,104278.242492552, 104319.259701686,104319.307266792, 104395.611682789,104395.663974609, 104429.131674234
105116.915351545, 105119.821874664,105119.867433660, 105270.643137183,105270.689700164, 105323.446390375,105323.494058090, 105358.17962722,105358.67460571, 105371.27859730,105371.75528544, 105378.506152195,105378.553216113, 105416.777827359,105416.824445855, 105472.909161490,105472.957478210, 105506.728954632,105506.777235665, 105507.992858901,105508.39644751, 105517.724893720,105517.773144443, 105527.807787049,105527.853412847, 105568.780643480,105568.829262463, 105645.137277878,105645.189518281, 105678.659511622
106377.198082918, 106380.110570213,106380.159493612, 106530.845363160,106530.891441723, 106583.682272929,106583.731032313, 106618.456540955,106618.506836387, 106631.478317445,106631.525026657, 106638.947493376,106638.995115269, 106677.226808498,106677.275399004, 106733.368488338,106733.416944335, 106767.180559147,106767.227393948, 106768.433307628,106768.480661774, 106778.190843840,106778.237965161, 106788.275683986,106788.323497985, 106829.283123541,106829.330260259, 106905.639132523,106905.690578033, 106939.141144999
107625.960676528, 107628.868519718,107628.916686312, 107779.555225378,107779.602419966, 107832.402664066,107832.450469446, 107867.160486148,107867.209562120, 107880.191926714,107880.239772839, 107887.679616877,107887.728282763, 107925.954800429,107926.1677695, 107982.135662306,107982.183242688, 108015.945544887,108015.994211864, 108017.194970964,108017.262878149, 108037.7105552,108037.70979747, 108047.119866914,108047.167353829, 108088.132319692,108088.179408879, 108164.454956560,108164.507398828, 108197.961350970
108888.574784775, 108891.488395657,108891.537073742, 109042.272615112,109042.320617073, 109095.87102693,109095.134090929, 109129.832735129,109129.881281614, 109142.867236380,109142.915007627, 109150.395955472,109150.443578666, 109188.772565277,109188.818687536, 109244.950810054,109244.997478531, 109278.790625268,109278.838857811, 109280.36988388,109280.84675818, 109289.756224189,109289.804512186, 109299.899611879,109299.943766215, 109340.905069570,109340.952426829, 109417.284907381,109417.336850425, 109450.861140315
110141.675687062, 110144.585048506,110144.634980515, 110295.295287046,110295.342072591, 110348.61481904,110348.110248103, 110382.811937439,110382.861087914, 110395.853367533,110395.903297069, 110403.329109791,110403.377006541, 110441.595584078,110441.643730205, 110497.738086875,110497.783133310, 110531.559726149,110531.607262345, 110532.837027434,110532.884547500, 110542.557137250,110542.605533721, 110552.855993135,110552.903778907, 110593.884793290,110593.932502785, 110670.141465730,110670.194059752, 110703.679530797
111390.11738751, 111392.919560385,111392.970001047, 111543.716488570,111543.763275316, 111596.487368050,111596.536475735, 111631.56906369,111631.105878002, 111644.94519147,111644.143309827, 111651.523493792,111651.570458294, 111689.611714238,111689.659115613, 111745.719367131,111745.766564701, 111779.545849181,111779.593393649, 111780.816321832,111780.859499156, 111790.480309421,111790.527928774, 111800.628417331,111800.676661717, 111841.685639037,111841.734155694, 111918.25496767,111918.71771884, 111951.548721949
112663.748521538, 112666.733299559,112666.782504811, 112817.495572005,112817.542444043, 112870.195434462,112870.242913876, 112904.975452426,112905.24611108, 112918.50639926,112918.99668635, 112925.571042034,112925.618408617, 112963.775719321,112963.822544126, 113019.955085872,113020.2680806, 113053.829097447,113053.876703287, 113055.103609000,113055.151660188, 113064.813058291,113064.861764176, 113074.850949447,113074.894487152, 113115.867341629,113115.913916994, 113192.221399316,113192.273900508, 113225.708342393
113927.929372264, 113930.880005528,113930.936269437, 114081.719320259,114081.765963311, 114223.469046536,114223.517338006, 114258.36292691,114258.83683461, 114271.52265292,114271.101290613, 114278.486985396,114278.534874398, 114316.767862961,114316.815138266, 114372.935984515,114372.982805020, 114406.740580652,114406.787870114, 114407.989223166,114408.36548770, 114417.763824656,114417.808459246, 114427.850022146,114427.898658041, 114468.861300317,114468.909770213, 114545.262854962,114545.314675118, 114578.824416060
115280.23698445, 115282.931663400,115282.976943075, 115433.637081786,115433.684623953, 115486.479380475,115486.527294254, 115521.231040581,115521.280368632, 115534.275156711,115534.322669705, 115541.744611199,115541.791313915, 115579.991893369,115580.40251612, 115636.92614890,115636.138459473, 115669.910175020,115669.957199284, 115671.183939070,115671.230710296, 115680.863109692,115680.911742243, 115690.975988855,115691.24226235, 115731.947302177,115731.994348546, 115808.307852298,115808.354050616, 115841.817388707
116543.547296637, 116546.682212776,116546.807971320, 116696.866607583,116696.914913000, 116749.367134500,116749.417362496, 116783.943741998,116783.990049736, 116796.898390185,116796.947669963, 116804.355197672,116804.402067457, 116842.425037518,116842.472470991, 116898.266325580,116898.314450574, 116931.794129862,116931.839682958, 116933.66840911,116933.115425741, 116942.827447806,116942.877219714, 116952.907232565,116952.954315082, 116993.703107885,116993.749228422, 117069.702664192,117069.755615810, 117103.53018326
117792.298262583, 117795.229007138,117795.276953649, 117945.84440457,117945.133220448, 117997.613083396,117997.660669629, 118032.233123565,118032.282513133, 118045.181255259,118045.229398988, 118052.624663736,118052.671731825, 118090.687014376,118090.731486438, 118146.486991925,118146.531765824, 118180.156654832,118180.203586205, 118181.412968439,118181.459348321, 118191.125990400,118191.175720330, 118201.246619485,118201.293203712, 118242.55958235,118242.103562900, 118318.83128919,118318.151471679, 118351.425203325
119035.600420932, 119038.533107089,119038.581612232, 119188.317080396,119188.363725866, 119240.831940877,119240.881126892, 119275.416919583,119275.466077748, 119288.371778693,119288.421072877, 119295.820804011,119295.868752570, 119333.827287360,119333.874407821, 119389.720301866,119389.767508677, 119423.363304205,119423.410389327, 119424.620715259,119424.669624974, 119434.363601182,119434.411242962, 119444.471248382,119444.519271937, 119485.470766006,119485.516876884, 119561.343608989,119561.396201539, 119594.704312084
120277.327680167, 120280.298234383,120280.346722312, 120430.49086750,120430.95285510, 120482.575026006,120482.623271443, 120517.167626059,120517.217458650, 120530.155048033,120530.203316573, 120537.622805784,120537.666596401, 120575.783044424,120575.829611824, 120631.683018936,120631.730142230, 120665.345235005,120665.392387763, 120666.611813147,120666.655944289, 120676.279327205,120676.329869239, 120686.366880272,120686.410882420, 120727.150534241,120727.197771713, 120803.80007991,120803.131692814, 120836.452654868
121539.359538388, 121542.292706130,121542.341848849, 121692.107947979,121692.155711465, 121744.596277599,121744.645435853, 121779.572664323,121779.621022092, 121792.513260735,121792.561542537, 121799.970003965,121800.17405485, 121838.24524857,121838.72520258, 121893.806107975,121893.851060308, 121927.482539351,121927.531542647, 121928.746646911,121928.793808182, 121938.760975163,121938.809714185, 121948.941011768,121948.988734486, 121989.763728994,121989.810493833, 122065.619927722,122065.671832856, 122098.943363112
122821.232217708, 122824.172382249,122824.221456689, 122974.71252265,122974.115974000, 123026.578497606,123026.627039584, 123061.119979600,123061.169894195, 123074.84623608,123074.132293390, 123081.510802489,123081.558619454, 123119.597001607,123119.646071125, 123175.446700336,123175.494519240, 123209.66098048,123209.114295913, 123210.338358790,123210.385321548, 123220.54708622,123220.111336369, 123230.174131604,123230.221332337, 123270.943520424,123270.991019224, 123346.883644498,123346.935314449, 123380.192662418
124080.294498346, 124083.206431879,124083.254868625, 124233.17412165,124233.65018083, 124285.197103961,124285.244941443, 124319.794179771,124319.842165251, 124332.727828902,124332.775205617, 124340.159852952,124340.205113460, 124378.215049379,124378.261178125, 124436.224400213,124436.271416540, 124469.915677449,124469.963409293, 124471.186809435,124471.233519625, 124480.963724916,124481.9810784, 124491.88411921,124491.136635730, 124531.851877949,124531.899951413, 124607.755723902,124607.800503076, 124641.143496220
125344.192586637, 125347.107916014,125347.157607114, 125496.964489805,125497.11381645, 125549.474919121,125549.521765682, 125584.37046229,125584.87465822, 125596.993708586,125597.42431901, 125604.443103894,125604.490858123, 125642.496528286,125642.544515194, 125698.402355035,125698.451486477, 125732.78658347,125732.125513244, 125733.335797842,125733.381293661, 125743.133135823,125743.181263724, 125753.265689629,125753.312706265, 125794.72914181,125794.119666012, 125870.4930477,125870.58527696, 125903.375295581
